OTU,Genus,Family,Order,Class,Phylum
1,Otu000001,Blautia,Lachnospiraceae,Clostridiales,Clostridia,Firmicutes
2,Otu000002,Bacteroides,Bacteroidaceae,Bacteroidales,Bacteroidia,Bacteroidetes
3,Otu000003,Bacteroides,Bacteroidaceae,Bacteroidales,Bacteroidia,Bacteroidetes
4,Otu000004,Akkermansia,Verrucomicrobiaceae,Verrucomicrobiales,Verrucomicrobiae,Verrucomicrobia
5,Otu000005,Roseburia,Lachnospiraceae,Clostridiales,Clostridia,Firmicutes
6,Otu000006,Faecalibacterium,Ruminococcaceae,Clostridiales,Clostridia,Firmicutes
7,Otu000007,Bacteroides,Bacteroidaceae,Bacteroidales,Bacteroidia,Bacteroidetes
8,Otu000008,Anaerostipes,Lachnospiraceae,Clostridiales,Clostridia,Firmicutes
9,Otu000009,Blautia,Lachnospiraceae,Clostridiales,Clostridia,Firmicutes
10,Otu000011,Ruminococcus,Ruminococcaceae,Clostridiales,Clostridia,Firmicutes
11,Otu000012,Alistipes,Rikenellaceae,Bacteroidales,Bacteroidia,Bacteroidetes
12,Otu000013,Blautia,Lachnospiraceae,Clostridiales,Clostridia,Firmicutes
13,Otu000015,Bifidobacterium,Bifidobacteriaceae,Bifidobacteriales,Actinobacteria,Actinobacteria
14,Otu000016,Ruminococcus2,Lachnospiraceae,Clostridiales,Clostridia,Firmicutes
15,Otu000017,Alistipes,Rikenellaceae,Bacteroidales,Bacteroidia,Bacteroidetes
16,Otu000018,Bacteroides,Bacteroidaceae,Bacteroidales,Bacteroidia,Bacteroidetes
17,Otu000019,Collinsella,Coriobacteriaceae,Coriobacteriales,Actinobacteria,Actinobacteria
18,Otu000020,Streptococcus,Streptococcaceae,Lactobacillales,Bacilli,Firmicutes
19,Otu000022,Blautia,Lachnospiraceae,Clostridiales,Clostridia,Firmicutes
20,Otu000023,Phascolarctobacterium,Acidaminococcaceae,Selenomonadales,Negativicutes,Firmicutes
21,Otu000025,Prevotella,Prevotellaceae,Bacteroidales,Bacteroidia,Bacteroidetes
22,Otu000026,Dorea,Lachnospiraceae,Clostridiales,Clostridia,Firmicutes
23,Otu000027,Clostridium_XI,Peptostreptococcaceae,Clostridiales,Clostridia,Firmicutes
24,Otu000030,Bacteroides,Bacteroidaceae,Bacteroidales,Bacteroidia,Bacteroidetes
25,Otu000031,Clostridium_sensu_stricto,Clostridiaceae_1,Clostridiales,Clostridia,Firmicutes
26,Otu000033,Bacteroides,Bacteroidaceae,Bacteroidales,Bacteroidia,Bacteroidetes
27,Otu000035,Parabacteroides,Porphyromonadaceae,Bacteroidales,Bacteroidia,Bacteroidetes
28,Otu000036,Blautia,Lachnospiraceae,Clostridiales,Clostridia,Firmicutes
29,Otu000038,Coprococcus,Lachnospiraceae,Clostridiales,Clostridia,Firmicutes
30,Otu000039,Ruminococcus,Ruminococcaceae,Clostridiales,Clostridia,Firmicutes
31,Otu000040,Barnesiella,Porphyromonadaceae,Bacteroidales,Bacteroidia,Bacteroidetes
32,Otu000041,Bacteroides,Bacteroidaceae,Bacteroidales,Bacteroidia,Bacteroidetes
33,Otu000042,Clostridium_XI,Peptostreptococcaceae,Clostridiales,Clostridia,Firmicutes
34,Otu000043,Dialister,Veillonellaceae,Selenomonadales,Negativicutes,Firmicutes
35,Otu000045,Ruminococcus2,Lachnospiraceae,Clostridiales,Clostridia,Firmicutes
36,Otu000046,Clostridium_XlVa,Lachnospiraceae,Clostridiales,Clostridia,Firmicutes
37,Otu000047,Clostridium_XlVa,Lachnospiraceae,Clostridiales,Clostridia,Firmicutes
38,Otu000048,Acidaminococcus,Acidaminococcaceae,Selenomonadales,Negativicutes,Firmicutes
39,Otu000049,Parabacteroides,Porphyromonadaceae,Bacteroidales,Bacteroidia,Bacteroidetes
40,Otu000050,Blautia,Lachnospiraceae,Clostridiales,Clostridia,Firmicutes
41,Otu000051,Bacteroides,Bacteroidaceae,Bacteroidales,Bacteroidia,Bacteroidetes
42,Otu000055,Bacteroides,Bacteroidaceae,Bacteroidales,Bacteroidia,Bacteroidetes
43,Otu000057,Prevotella,Prevotellaceae,Bacteroidales,Bacteroidia,Bacteroidetes
44,Otu000062,Dorea,Lachnospiraceae,Clostridiales,Clostridia,Firmicutes
45,Otu000063,Odoribacter,Porphyromonadaceae,Bacteroidales,Bacteroidia,Bacteroidetes
46,Otu000064,Clostridium_IV,Ruminococcaceae,Clostridiales,Clostridia,Firmicutes
47,Otu000066,Veillonella,Veillonellaceae,Selenomonadales,Negativicutes,Firmicutes
48,Otu000067,Coprococcus,Lachnospiraceae,Clostridiales,Clostridia,Firmicutes
49,Otu000069,Paraprevotella,Prevotellaceae,Bacteroidales,Bacteroidia,Bacteroidetes
50,Otu000074,Streptococcus,Streptococcaceae,Lactobacillales,Bacilli,Firmicutes
51,Otu000079,Clostridium_XI,Peptostreptococcaceae,Clostridiales,Clostridia,Firmicutes
52,Otu000080,Roseburia,Lachnospiraceae,Clostridiales,Clostridia,Firmicutes
53,Otu000081,Turicibacter,Erysipelotrichaceae,Erysipelotrichales,Erysipelotrichia,Firmicutes
54,Otu000082,Parasutterella,Sutterellaceae,Burkholderiales,Betaproteobacteria,Proteobacteria
55,Otu000083,Ruminococcus,Ruminococcaceae,Clostridiales,Clostridia,Firmicutes
56,Otu000084,Blautia,Lachnospiraceae,Clostridiales,Clostridia,Firmicutes
57,Otu000090,Megasphaera,Veillonellaceae,Selenomonadales,Negativicutes,Firmicutes
58,Otu000091,Odoribacter,Porphyromonadaceae,Bacteroidales,Bacteroidia,Bacteroidetes
59,Otu000093,Paraprevotella,Prevotellaceae,Bacteroidales,Bacteroidia,Bacteroidetes
60,Otu000095,Faecalibacterium,Ruminococcaceae,Clostridiales,Clostridia,Firmicutes
61,Otu000096,Prevotella,Prevotellaceae,Bacteroidales,Bacteroidia,Bacteroidetes
62,Otu000097,Clostridium_XlVa,Lachnospiraceae,Clostridiales,Clostridia,Firmicutes
63,Otu000098,Bilophila,Desulfovibrionaceae,Desulfovibrionales,Deltaproteobacteria,Proteobacteria
64,Otu000099,Catenibacterium,Erysipelotrichaceae,Erysipelotrichales,Erysipelotrichia,Firmicutes
65,Otu000102,Coprococcus,Lachnospiraceae,Clostridiales,Clostridia,Firmicutes
66,Otu000104,Ruminococcus,Ruminococcaceae,Clostridiales,Clostridia,Firmicutes
67,Otu000105,Porphyromonas,Porphyromonadaceae,Bacteroidales,Bacteroidia,Bacteroidetes
68,Otu000107,Clostridium_XVIII,Erysipelotrichaceae,Erysipelotrichales,Erysipelotrichia,Firmicutes
69,Otu000108,Alistipes,Rikenellaceae,Bacteroidales,Bacteroidia,Bacteroidetes
70,Otu000109,Ruminococcus,Ruminococcaceae,Clostridiales,Clostridia,Firmicutes
71,Otu000110,Enterorhabdus,Coriobacteriaceae,Coriobacteriales,Actinobacteria,Actinobacteria
72,Otu000111,Desulfovibrio,Desulfovibrionaceae,Desulfovibrionales,Deltaproteobacteria,Proteobacteria
73,Otu000112,Clostridium_XlVa,Lachnospiraceae,Clostridiales,Clostridia,Firmicutes
74,Otu000117,Clostridium_IV,Ruminococcaceae,Clostridiales,Clostridia,Firmicutes
75,Otu000123,Enterococcus,Enterococcaceae,Lactobacillales,Bacilli,Firmicutes
76,Otu000126,Butyricimonas,Porphyromonadaceae,Bacteroidales,Bacteroidia,Bacteroidetes
77,Otu000127,Coprococcus,Lachnospiraceae,Clostridiales,Clostridia,Firmicutes
78,Otu000131,Ruminococcus,Ruminococcaceae,Clostridiales,Clostridia,Firmicutes
79,Otu000132,Alistipes,Rikenellaceae,Bacteroidales,Bacteroidia,Bacteroidetes
80,Otu000133,Oscillibacter,Ruminococcaceae,Clostridiales,Clostridia,Firmicutes
81,Otu000134,Succiniclasticum,Acidaminococcaceae,Selenomonadales,Negativicutes,Firmicutes
82,Otu000135,Bacteroides,Bacteroidaceae,Bacteroidales,Bacteroidia,Bacteroidetes
83,Otu000136,Bacteroides,Bacteroidaceae,Bacteroidales,Bacteroidia,Bacteroidetes
84,Otu000138,Clostridium_XlVa,Lachnospiraceae,Clostridiales,Clostridia,Firmicutes
85,Otu000140,Clostridium_IV,Ruminococcaceae,Clostridiales,Clostridia,Firmicutes
86,Otu000142,Blautia,Lachnospiraceae,Clostridiales,Clostridia,Firmicutes
87,Otu000143,Oscillibacter,Ruminococcaceae,Clostridiales,Clostridia,Firmicutes
88,Otu000145,Pseudomonas,Pseudomonadaceae,Pseudomonadales,Gammaproteobacteria,Proteobacteria
89,Otu000147,Clostridium_XlVb,Lachnospiraceae,Clostridiales,Clostridia,Firmicutes
90,Otu000150,Clostridium_IV,Ruminococcaceae,Clostridiales,Clostridia,Firmicutes
91,Otu000151,Clostridium_sensu_stricto,Clostridiaceae_1,Clostridiales,Clostridia,Firmicutes
92,Otu000152,Clostridium_XVIII,Erysipelotrichaceae,Erysipelotrichales,Erysipelotrichia,Firmicutes
93,Otu000156,Cloacibacillus,Synergistaceae,Synergistales,Synergistia,Synergistetes
94,Otu000162,Eggerthella,Coriobacteriaceae,Coriobacteriales,Actinobacteria,Actinobacteria
95,Otu000163,Clostridium_IV,Ruminococcaceae,Clostridiales,Clostridia,Firmicutes
96,Otu000165,Collinsella,Coriobacteriaceae,Coriobacteriales,Actinobacteria,Actinobacteria
97,Otu000166,Clostridium_XlVa,Lachnospiraceae,Clostridiales,Clostridia,Firmicutes
98,Otu000170,Clostridium_XlVb,Lachnospiraceae,Clostridiales,Clostridia,Firmicutes
99,Otu000171,Alistipes,Rikenellaceae,Bacteroidales,Bacteroidia,Bacteroidetes
100,Otu000172,Cloacibacillus,Synergistaceae,Synergistales,Synergistia,Synergistetes
101,Otu000174,Alistipes,Rikenellaceae,Bacteroidales,Bacteroidia,Bacteroidetes
102,Otu000175,Fusobacterium,Fusobacteriaceae,Fusobacteriales,Fusobacteriia,Fusobacteria
103,Otu000176,Asaccharobacter,Coriobacteriaceae,Coriobacteriales,Actinobacteria,Actinobacteria
104,Otu000177,Flavonifractor,Ruminococcaceae,Clostridiales,Clostridia,Firmicutes
105,Otu000179,Actinomyces,Actinomycetaceae,Actinomycetales,Actinobacteria,Actinobacteria
106,Otu000187,Alistipes,Rikenellaceae,Bacteroidales,Bacteroidia,Bacteroidetes
107,Otu000188,Lactobacillus,Lactobacillaceae,Lactobacillales,Bacilli,Firmicutes
108,Otu000190,Sporobacter,Ruminococcaceae,Clostridiales,Clostridia,Firmicutes
109,Otu000191,Clostridium_XlVa,Lachnospiraceae,Clostridiales,Clostridia,Firmicutes
110,Otu000193,Clostridium_sensu_stricto,Clostridiaceae_1,Clostridiales,Clostridia,Firmicutes
111,Otu000194,Megamonas,Veillonellaceae,Selenomonadales,Negativicutes,Firmicutes
112,Otu000198,Lactococcus,Streptococcaceae,Lactobacillales,Bacilli,Firmicutes
113,Otu000199,Mogibacterium,Clostridiales_Incertae_Sedis_XIII,Clostridiales,Clostridia,Firmicutes
114,Otu000203,Clostridium_IV,Ruminococcaceae,Clostridiales,Clostridia,Firmicutes
115,Otu000206,Clostridium_sensu_stricto,Clostridiaceae_1,Clostridiales,Clostridia,Firmicutes
116,Otu000208,Clostridium_sensu_stricto,Clostridiaceae_1,Clostridiales,Clostridia,Firmicutes
117,Otu000216,Blautia,Lachnospiraceae,Clostridiales,Clostridia,Firmicutes
118,Otu000217,Clostridium_IV,Ruminococcaceae,Clostridiales,Clostridia,Firmicutes
119,Otu000224,Peptococcus,Peptococcaceae_1,Clostridiales,Clostridia,Firmicutes
120,Otu000226,Succinivibrio,Succinivibrionaceae,Aeromonadales,Gammaproteobacteria,Proteobacteria
121,Otu000227,Butyricicoccus,Ruminococcaceae,Clostridiales,Clostridia,Firmicutes
122,Otu000232,Lactobacillus,Lactobacillaceae,Lactobacillales,Bacilli,Firmicutes
123,Otu000237,Blautia,Lachnospiraceae,Clostridiales,Clostridia,Firmicutes
124,Otu000241,Ruminococcus,Ruminococcaceae,Clostridiales,Clostridia,Firmicutes
125,Otu000245,Alistipes,Rikenellaceae,Bacteroidales,Bacteroidia,Bacteroidetes
126,Otu000248,Slackia,Coriobacteriaceae,Coriobacteriales,Actinobacteria,Actinobacteria
127,Otu000258,Anaerostipes,Lachnospiraceae,Clostridiales,Clostridia,Firmicutes
128,Otu000259,Howardella,Lachnospiraceae,Clostridiales,Clostridia,Firmicutes
129,Otu000260,Porphyromonas,Porphyromonadaceae,Bacteroidales,Bacteroidia,Bacteroidetes
130,Otu000261,Sutterella,Sutterellaceae,Burkholderiales,Betaproteobacteria,Proteobacteria
131,Otu000263,Sutterella,Sutterellaceae,Burkholderiales,Betaproteobacteria,Proteobacteria
132,Otu000264,Fusobacterium,Fusobacteriaceae,Fusobacteriales,Fusobacteriia,Fusobacteria
133,Otu000267,Eubacterium,Eubacteriaceae,Clostridiales,Clostridia,Firmicutes
134,Otu000270,Asaccharobacter,Coriobacteriaceae,Coriobacteriales,Actinobacteria,Actinobacteria
135,Otu000272,Coprobacillus,Erysipelotrichaceae,Erysipelotrichales,Erysipelotrichia,Firmicutes
136,Otu000277,Parabacteroides,Porphyromonadaceae,Bacteroidales,Bacteroidia,Bacteroidetes
137,Otu000278,Clostridium_XlVb,Lachnospiraceae,Clostridiales,Clostridia,Firmicutes
138,Otu000279,Lactobacillus,Lactobacillaceae,Lactobacillales,Bacilli,Firmicutes
139,Otu000281,Parvimonas,Clostridiales_Incertae_Sedis_XI,Clostridiales,Clostridia,Firmicutes
140,Otu000286,Clostridium_XlVa,Lachnospiraceae,Clostridiales,Clostridia,Firmicutes
141,Otu000291,Prevotella,Prevotellaceae,Bacteroidales,Bacteroidia,Bacteroidetes
142,Otu000294,Clostridium_XlVb,Lachnospiraceae,Clostridiales,Clostridia,Firmicutes
143,Otu000297,Fusobacterium,Fusobacteriaceae,Fusobacteriales,Fusobacteriia,Fusobacteria
144,Otu000298,Barnesiella,Porphyromonadaceae,Bacteroidales,Bacteroidia,Bacteroidetes
145,Otu000299,Bacteroides,Bacteroidaceae,Bacteroidales,Bacteroidia,Bacteroidetes
146,Otu000310,Peptostreptococcus,Peptostreptococcaceae,Clostridiales,Clostridia,Firmicutes
147,Otu000314,Lactobacillus,Lactobacillaceae,Lactobacillales,Bacilli,Firmicutes
148,Otu000317,Clostridium_XlVa,Lachnospiraceae,Clostridiales,Clostridia,Firmicutes
149,Otu000318,Anaerotruncus,Ruminococcaceae,Clostridiales,Clostridia,Firmicutes
150,Otu000319,Slackia,Coriobacteriaceae,Coriobacteriales,Actinobacteria,Actinobacteria
151,Otu000322,Holdemania,Erysipelotrichaceae,Erysipelotrichales,Erysipelotrichia,Firmicutes
152,Otu000324,Gordonibacter,Coriobacteriaceae,Coriobacteriales,Actinobacteria,Actinobacteria
153,Otu000328,Lactobacillus,Lactobacillaceae,Lactobacillales,Bacilli,Firmicutes
154,Otu000331,Streptococcus,Streptococcaceae,Lactobacillales,Bacilli,Firmicutes
155,Otu000349,Collinsella,Coriobacteriaceae,Coriobacteriales,Actinobacteria,Actinobacteria
156,Otu000355,Allisonella,Veillonellaceae,Selenomonadales,Negativicutes,Firmicutes
157,Otu000356,Gemella,Bacillales_Incertae_Sedis_XI,Bacillales,Bacilli,Firmicutes
158,Otu000367,Oscillibacter,Ruminococcaceae,Clostridiales,Clostridia,Firmicutes
159,Otu000371,Eubacterium,Eubacteriaceae,Clostridiales,Clostridia,Firmicutes
160,Otu000372,Weissella,Leuconostocaceae,Lactobacillales,Bacilli,Firmicutes
161,Otu000373,Barnesiella,Porphyromonadaceae,Bacteroidales,Bacteroidia,Bacteroidetes
162,Otu000374,Oscillibacter,Ruminococcaceae,Clostridiales,Clostridia,Firmicutes
163,Otu000378,Rothia,Micrococcaceae,Actinomycetales,Actinobacteria,Actinobacteria
164,Otu000380,Oscillibacter,Ruminococcaceae,Clostridiales,Clostridia,Firmicutes
165,Otu000383,Collinsella,Coriobacteriaceae,Coriobacteriales,Actinobacteria,Actinobacteria
166,Otu000393,Eubacterium,Eubacteriaceae,Clostridiales,Clostridia,Firmicutes
167,Otu000394,Actinomyces,Actinomycetaceae,Actinomycetales,Actinobacteria,Actinobacteria
168,Otu000395,Coprobacillus,Erysipelotrichaceae,Erysipelotrichales,Erysipelotrichia,Firmicutes
169,Otu000400,Blautia,Lachnospiraceae,Clostridiales,Clostridia,Firmicutes
170,Otu000410,Streptococcus,Streptococcaceae,Lactobacillales,Bacilli,Firmicutes
171,Otu000415,Akkermansia,Verrucomicrobiaceae,Verrucomicrobiales,Verrucomicrobiae,Verrucomicrobia
172,Otu000419,Clostridium_XlVa,Lachnospiraceae,Clostridiales,Clostridia,Firmicutes
173,Otu000434,Alistipes,Rikenellaceae,Bacteroidales,Bacteroidia,Bacteroidetes
174,Otu000447,Oscillibacter,Ruminococcaceae,Clostridiales,Clostridia,Firmicutes
175,Otu000450,Anaerotruncus,Ruminococcaceae,Clostridiales,Clostridia,Firmicutes
176,Otu000451,Clostridium_IV,Ruminococcaceae,Clostridiales,Clostridia,Firmicutes
177,Otu000461,Alistipes,Rikenellaceae,Bacteroidales,Bacteroidia,Bacteroidetes
178,Otu000464,Oscillibacter,Ruminococcaceae,Clostridiales,Clostridia,Firmicutes
179,Otu000465,Dialister,Veillonellaceae,Selenomonadales,Negativicutes,Firmicutes
180,Otu000470,Paenibacillus,Paenibacillaceae_1,Bacillales,Bacilli,Firmicutes
181,Otu000478,Bacteroides,Bacteroidaceae,Bacteroidales,Bacteroidia,Bacteroidetes
182,Otu000496,Clostridium_XlVa,Lachnospiraceae,Clostridiales,Clostridia,Firmicutes
183,Otu000498,Anaerococcus,Clostridiales_Incertae_Sedis_XI,Clostridiales,Clostridia,Firmicutes
184,Otu000499,Olsenella,Coriobacteriaceae,Coriobacteriales,Actinobacteria,Actinobacteria
185,Otu000501,Clostridium_IV,Ruminococcaceae,Clostridiales,Clostridia,Firmicutes
186,Otu000503,Pseudoflavonifractor,Ruminococcaceae,Clostridiales,Clostridia,Firmicutes
187,Otu000505,Anaerofustis,Eubacteriaceae,Clostridiales,Clostridia,Firmicutes
188,Otu000512,Barnesiella,Porphyromonadaceae,Bacteroidales,Bacteroidia,Bacteroidetes
189,Otu000519,Alistipes,Rikenellaceae,Bacteroidales,Bacteroidia,Bacteroidetes
190,Otu000522,Clostridium_IV,Ruminococcaceae,Clostridiales,Clostridia,Firmicutes
191,Otu000531,Prevotella,Prevotellaceae,Bacteroidales,Bacteroidia,Bacteroidetes
192,Otu000550,Oscillibacter,Ruminococcaceae,Clostridiales,Clostridia,Firmicutes
193,Otu000555,Leuconostoc,Leuconostocaceae,Lactobacillales,Bacilli,Firmicutes
194,Otu000569,Lactobacillus,Lactobacillaceae,Lactobacillales,Bacilli,Firmicutes
195,Otu000576,Sporobacter,Ruminococcaceae,Clostridiales,Clostridia,Firmicutes
196,Otu000577,Peptoniphilus,Clostridiales_Incertae_Sedis_XI,Clostridiales,Clostridia,Firmicutes
197,Otu000578,Eubacterium,Eubacteriaceae,Clostridiales,Clostridia,Firmicutes
198,Otu000587,Actinomyces,Actinomycetaceae,Actinomycetales,Actinobacteria,Actinobacteria
199,Otu000588,Butyricicoccus,Ruminococcaceae,Clostridiales,Clostridia,Firmicutes
200,Otu000589,Paraprevotella,Prevotellaceae,Bacteroidales,Bacteroidia,Bacteroidetes
201,Otu000591,Lactobacillus,Lactobacillaceae,Lactobacillales,Bacilli,Firmicutes
202,Otu000594,Clostridium_XI,Peptostreptococcaceae,Clostridiales,Clostridia,Firmicutes
203,Otu000602,Clostridium_XlVa,Lachnospiraceae,Clostridiales,Clostridia,Firmicutes
204,Otu000603,Anaerorhabdus,Bacteroidaceae,Bacteroidales,Bacteroidia,Bacteroidetes
205,Otu000607,Prevotella,Prevotellaceae,Bacteroidales,Bacteroidia,Bacteroidetes
206,Otu000616,Clostridium_XlVb,Lachnospiraceae,Clostridiales,Clostridia,Firmicutes
207,Otu000618,Eikenella,Neisseriaceae,Neisseriales,Betaproteobacteria,Proteobacteria
208,Otu000620,Butyricimonas,Porphyromonadaceae,Bacteroidales,Bacteroidia,Bacteroidetes
209,Otu000624,Neisseria,Neisseriaceae,Neisseriales,Betaproteobacteria,Proteobacteria
210,Otu000642,Ralstonia,Burkholderiaceae,Burkholderiales,Betaproteobacteria,Proteobacteria
211,Otu000643,Mogibacterium,Clostridiales_Incertae_Sedis_XIII,Clostridiales,Clostridia,Firmicutes
212,Otu000650,Atopobium,Coriobacteriaceae,Coriobacteriales,Actinobacteria,Actinobacteria
213,Otu000654,Alistipes,Rikenellaceae,Bacteroidales,Bacteroidia,Bacteroidetes
214,Otu000656,Oscillibacter,Ruminococcaceae,Clostridiales,Clostridia,Firmicutes
215,Otu000663,Clostridium_III,Ruminococcaceae,Clostridiales,Clostridia,Firmicutes
216,Otu000668,Solobacterium,Erysipelotrichaceae,Erysipelotrichales,Erysipelotrichia,Firmicutes
217,Otu000671,Prevotella,Prevotellaceae,Bacteroidales,Bacteroidia,Bacteroidetes
218,Otu000672,Alistipes,Rikenellaceae,Bacteroidales,Bacteroidia,Bacteroidetes
219,Otu000685,Streptococcus,Streptococcaceae,Lactobacillales,Bacilli,Firmicutes
220,Otu000687,Akkermansia,Verrucomicrobiaceae,Verrucomicrobiales,Verrucomicrobiae,Verrucomicrobia
221,Otu000693,Blautia,Lachnospiraceae,Clostridiales,Clostridia,Firmicutes
222,Otu000702,Methylobacterium,Methylobacteriaceae,Rhizobiales,Alphaproteobacteria,Proteobacteria
223,Otu000711,Gordonibacter,Coriobacteriaceae,Coriobacteriales,Actinobacteria,Actinobacteria
224,Otu000714,Oscillibacter,Ruminococcaceae,Clostridiales,Clostridia,Firmicutes
225,Otu000720,Clostridium_XlVa,Lachnospiraceae,Clostridiales,Clostridia,Firmicutes
226,Otu000730,Allobaculum,Erysipelotrichaceae,Erysipelotrichales,Erysipelotrichia,Firmicutes
227,Otu000749,Megasphaera,Veillonellaceae,Selenomonadales,Negativicutes,Firmicutes
228,Otu000751,Corynebacterium,Corynebacteriaceae,Actinomycetales,Actinobacteria,Actinobacteria
229,Otu000772,Rothia,Micrococcaceae,Actinomycetales,Actinobacteria,Actinobacteria
230,Otu000774,Finegoldia,Clostridiales_Incertae_Sedis_XI,Clostridiales,Clostridia,Firmicutes
231,Otu000777,Alloscardovia,Bifidobacteriaceae,Bifidobacteriales,Actinobacteria,Actinobacteria
232,Otu000781,Oscillibacter,Ruminococcaceae,Clostridiales,Clostridia,Firmicutes
233,Otu000789,Prevotella,Prevotellaceae,Bacteroidales,Bacteroidia,Bacteroidetes
234,Otu000795,Oscillibacter,Ruminococcaceae,Clostridiales,Clostridia,Firmicutes
235,Otu000800,Oscillibacter,Ruminococcaceae,Clostridiales,Clostridia,Firmicutes
236,Otu000802,Campylobacter,Campylobacteraceae,Campylobacterales,Epsilonproteobacteria,Proteobacteria
237,Otu000803,Eubacterium,Eubacteriaceae,Clostridiales,Clostridia,Firmicutes
238,Otu000804,Staphylococcus,Staphylococcaceae,Bacillales,Bacilli,Firmicutes
239,Otu000806,Akkermansia,Verrucomicrobiaceae,Verrucomicrobiales,Verrucomicrobiae,Verrucomicrobia
240,Otu000808,Blautia,Lachnospiraceae,Clostridiales,Clostridia,Firmicutes
241,Otu000827,Varibaculum,Actinomycetaceae,Actinomycetales,Actinobacteria,Actinobacteria
242,Otu000829,Clostridium_IV,Ruminococcaceae,Clostridiales,Clostridia,Firmicutes
243,Otu000830,Coprococcus,Lachnospiraceae,Clostridiales,Clostridia,Firmicutes
244,Otu000843,Prevotella,Prevotellaceae,Bacteroidales,Bacteroidia,Bacteroidetes
245,Otu000862,Faecalibacterium,Ruminococcaceae,Clostridiales,Clostridia,Firmicutes
246,Otu000867,Bacteroides,Bacteroidaceae,Bacteroidales,Bacteroidia,Bacteroidetes
247,Otu000877,Bacteroides,Bacteroidaceae,Bacteroidales,Bacteroidia,Bacteroidetes
248,Otu000886,Dorea,Lachnospiraceae,Clostridiales,Clostridia,Firmicutes
249,Otu000889,Alloprevotella,Prevotellaceae,Bacteroidales,Bacteroidia,Bacteroidetes
250,Otu000913,Roseburia,Lachnospiraceae,Clostridiales,Clostridia,Firmicutes
251,Otu000915,Hydrogenoanaerobacterium,Ruminococcaceae,Clostridiales,Clostridia,Firmicutes
252,Otu000921,Clostridium_IV,Ruminococcaceae,Clostridiales,Clostridia,Firmicutes
253,Otu000925,Anaerotruncus,Ruminococcaceae,Clostridiales,Clostridia,Firmicutes
254,Otu000929,Anaerococcus,Clostridiales_Incertae_Sedis_XI,Clostridiales,Clostridia,Firmicutes
255,Otu000953,Methylobacterium,Methylobacteriaceae,Rhizobiales,Alphaproteobacteria,Proteobacteria
256,Otu000967,Roseburia,Lachnospiraceae,Clostridiales,Clostridia,Firmicutes
257,Otu000972,Faecalibacterium,Ruminococcaceae,Clostridiales,Clostridia,Firmicutes
258,Otu000976,Oscillibacter,Ruminococcaceae,Clostridiales,Clostridia,Firmicutes
259,Otu000978,Campylobacter,Campylobacteraceae,Campylobacterales,Epsilonproteobacteria,Proteobacteria
260,Otu001001,Corynebacterium,Corynebacteriaceae,Actinomycetales,Actinobacteria,Actinobacteria
261,Otu001002,Corynebacterium,Corynebacteriaceae,Actinomycetales,Actinobacteria,Actinobacteria
262,Otu001020,Bacteroides,Bacteroidaceae,Bacteroidales,Bacteroidia,Bacteroidetes
263,Otu001030,Anaerotruncus,Ruminococcaceae,Clostridiales,Clostridia,Firmicutes
264,Otu001031,Blautia,Lachnospiraceae,Clostridiales,Clostridia,Firmicutes
265,Otu001036,Ruminococcus2,Lachnospiraceae,Clostridiales,Clostridia,Firmicutes
266,Otu001047,Butyricicoccus,Ruminococcaceae,Clostridiales,Clostridia,Firmicutes
267,Otu001076,Butyricimonas,Porphyromonadaceae,Bacteroidales,Bacteroidia,Bacteroidetes
268,Otu001078,Actinomyces,Actinomycetaceae,Actinomycetales,Actinobacteria,Actinobacteria
269,Otu001084,Clostridium_IV,Ruminococcaceae,Clostridiales,Clostridia,Firmicutes
270,Otu001087,Enterorhabdus,Coriobacteriaceae,Coriobacteriales,Actinobacteria,Actinobacteria
271,Otu001096,Pseudomonas,Pseudomonadaceae,Pseudomonadales,Gammaproteobacteria,Proteobacteria
272,Otu001131,Porphyromonas,Porphyromonadaceae,Bacteroidales,Bacteroidia,Bacteroidetes
273,Otu001157,Oribacterium,Lachnospiraceae,Clostridiales,Clostridia,Firmicutes
274,Otu001158,Acinetobacter,Moraxellaceae,Pseudomonadales,Gammaproteobacteria,Proteobacteria
275,Otu001160,Clostridium_XlVa,Lachnospiraceae,Clostridiales,Clostridia,Firmicutes
276,Otu001164,Bacteroides,Bacteroidaceae,Bacteroidales,Bacteroidia,Bacteroidetes
277,Otu001181,Roseburia,Lachnospiraceae,Clostridiales,Clostridia,Firmicutes
278,Otu001190,Deinococcus,Deinococcaceae,Deinococcales,Deinococci,Deinococcus-Thermus
279,Otu001204,Eubacterium,Eubacteriaceae,Clostridiales,Clostridia,Firmicutes
280,Otu001225,Bacteroides,Bacteroidaceae,Bacteroidales,Bacteroidia,Bacteroidetes
281,Otu001239,Bacteroides,Bacteroidaceae,Bacteroidales,Bacteroidia,Bacteroidetes
282,Otu001256,Scardovia,Bifidobacteriaceae,Bifidobacteriales,Actinobacteria,Actinobacteria
283,Otu001293,Faecalibacterium,Ruminococcaceae,Clostridiales,Clostridia,Firmicutes
284,Otu001307,Blautia,Lachnospiraceae,Clostridiales,Clostridia,Firmicutes
285,Otu001312,Bacteroides,Bacteroidaceae,Bacteroidales,Bacteroidia,Bacteroidetes
286,Otu001324,Selenomonas,Veillonellaceae,Selenomonadales,Negativicutes,Firmicutes
287,Otu001334,Bacteroides,Bacteroidaceae,Bacteroidales,Bacteroidia,Bacteroidetes
288,Otu001351,Clostridium_IV,Ruminococcaceae,Clostridiales,Clostridia,Firmicutes
289,Otu001375,Anaerotruncus,Ruminococcaceae,Clostridiales,Clostridia,Firmicutes
290,Otu001447,Bacteroides,Bacteroidaceae,Bacteroidales,Bacteroidia,Bacteroidetes
291,Otu001522,Prevotella,Prevotellaceae,Bacteroidales,Bacteroidia,Bacteroidetes
